-- phpMyAdmin SQL Dump
-- version 5.0.4
-- https://www.phpmyadmin.net/
--
-- Host: localhost
-- Generation Time: Mar 11, 2021 at 04:40 PM
-- Server version: 5.7.33-0ubuntu0.16.04.1
-- PHP Version: 7.1.33-29+ubuntu16.04.1+deb.sury.org+1

SET SQL_MODE = "NO_AUTO_VALUE_ON_ZERO";
START TRANSACTION;
SET time_zone = "+00:00";


/*!40101 SET @OLD_CHARACTER_SET_CLIENT=@@CHARACTER_SET_CLIENT */;
/*!40101 SET @OLD_CHARACTER_SET_RESULTS=@@CHARACTER_SET_RESULTS */;
/*!40101 SET @OLD_COLLATION_CONNECTION=@@COLLATION_CONNECTION */;
/*!40101 SET NAMES utf8mb4 */;

--
-- Database: `online_examination`
--

-- --------------------------------------------------------

--
-- Table structure for table `admin_acc`
--

CREATE TABLE `admin_acc` (
  `admin_id` int(11) NOT NULL,
  `admin_user` varchar(1000) NOT NULL,
  `admin_pass` varchar(1000) NOT NULL
) ENGINE=InnoDB DEFAULT CHARSET=latin1;

--
-- Dumping data for table `admin_acc`
--

INSERT INTO `admin_acc` (`admin_id`, `admin_user`, `admin_pass`) VALUES
(1, 'admin', 'admin');

-- --------------------------------------------------------

--
-- Table structure for table `department`
--

CREATE TABLE `department` (
  `department_id` int(50) NOT NULL,
  `dep_name` varchar(100) NOT NULL,
  `dep_on` timestamp NOT NULL DEFAULT CURRENT_TIMESTAMP ON UPDATE CURRENT_TIMESTAMP
) ENGINE=InnoDB DEFAULT CHARSET=latin1;

--
-- Dumping data for table `department`
--

INSERT INTO `department` (`department_id`, `dep_name`, `dep_on`) VALUES
(1, 'MECHANICAL', '2021-03-10 13:02:27'),
(2, 'COMPUTER SCIENCE', '2021-03-10 13:02:44'),
(3, 'IT', '2021-03-10 13:03:00');

-- --------------------------------------------------------

--
-- Table structure for table `examinee_tbl`
--

CREATE TABLE `examinee_tbl` (
  `exmne_id` int(11) NOT NULL,
  `exmne_fullname` varchar(1000) NOT NULL,
  `department_id` varchar(1000) NOT NULL,
  `exmne_gender` varchar(1000) NOT NULL,
  `exmne_year_level` varchar(1000) NOT NULL,
  `exmne_email` varchar(1000) NOT NULL,
  `exmne_password` varchar(1000) NOT NULL,
  `exmne_status` varchar(1000) NOT NULL DEFAULT 'active'
) ENGINE=InnoDB DEFAULT CHARSET=latin1;

--
-- Dumping data for table `examinee_tbl`
--

INSERT INTO `examinee_tbl` (`exmne_id`, `exmne_fullname`, `department_id`, `exmne_gender`, `exmne_year_level`, `exmne_email`, `exmne_password`, `exmne_status`) VALUES
(10, 'Devang', '1', 'male', 'first year', 'devang9699@gmail.com', 'devang', 'active'),
(11, 'Brijen', '1', 'male', 'third year', 'brijen@gmail.com', 'brijen', 'active'),
(12, 'Parth ', '2', 'male', 'first year', 'panchalparth5099@gmail.com', 'parth', 'active');

-- --------------------------------------------------------

--
-- Table structure for table `exam_answers`
--

CREATE TABLE `exam_answers` (
  `exans_id` int(11) NOT NULL,
  `axmne_id` int(11) NOT NULL,
  `exam_id` int(11) NOT NULL,
  `quest_id` int(11) NOT NULL,
  `exans_answer` varchar(1000) NOT NULL,
  `exans_status` varchar(1000) NOT NULL DEFAULT 'new',
  `exans_created` timestamp NOT NULL DEFAULT CURRENT_TIMESTAMP ON UPDATE CURRENT_TIMESTAMP
) ENGINE=InnoDB DEFAULT CHARSET=latin1;

--
-- Dumping data for table `exam_answers`
--

INSERT INTO `exam_answers` (`exans_id`, `axmne_id`, `exam_id`, `quest_id`, `exans_answer`, `exans_status`, `exans_created`) VALUES
(295, 4, 12, 25, 'Diode, inverted, pointer', 'old', '2019-12-07 02:52:14'),
(296, 4, 12, 16, 'Data Block', 'old', '2019-12-07 02:52:14'),
(297, 6, 12, 18, 'Programmable Logic Controller', 'old', '2019-12-05 12:59:47'),
(298, 6, 12, 9, '1850s', 'old', '2019-12-05 12:59:47'),
(299, 6, 12, 24, '1976', 'old', '2019-12-05 12:59:47'),
(300, 6, 12, 14, 'Operating System', 'old', '2019-12-05 12:59:47'),
(301, 6, 12, 19, 'WAN (Wide Area Network)', 'old', '2019-12-05 12:59:47'),
(302, 6, 11, 28, 'fds', 'new', '2019-12-05 12:04:28'),
(303, 6, 11, 29, 'sd', 'new', '2019-12-05 12:04:28'),
(304, 6, 12, 15, 'David Filo & Jerry Yang', 'new', '2019-12-05 12:59:47'),
(305, 6, 12, 17, 'System file', 'new', '2019-12-05 12:59:47'),
(306, 6, 12, 10, 'Field', 'new', '2019-12-05 12:59:47'),
(307, 6, 12, 9, '1880s', 'new', '2019-12-05 12:59:47'),
(308, 6, 12, 21, 'Temporary file', 'new', '2019-12-05 12:59:47'),
(309, 4, 11, 28, 'q1', 'new', '2019-12-05 13:30:21'),
(310, 4, 11, 29, 'dfg', 'new', '2019-12-05 13:30:21'),
(311, 4, 12, 16, 'Data Block', 'new', '2019-12-07 02:52:14'),
(312, 4, 12, 20, 'Plancks radiation', 'new', '2019-12-07 02:52:14'),
(313, 4, 12, 10, 'Report', 'new', '2019-12-07 02:52:14'),
(314, 4, 12, 24, '1976', 'new', '2019-12-07 02:52:14'),
(315, 4, 12, 9, '1930s', 'new', '2019-12-07 02:52:14'),
(316, 8, 12, 18, 'Programmable Lift Computer', 'new', '2020-01-05 03:18:35'),
(317, 8, 12, 14, 'Operating System', 'new', '2020-01-05 03:18:35'),
(318, 8, 12, 20, 'Einstein oscillation', 'new', '2020-01-05 03:18:35'),
(319, 8, 12, 21, 'Temporary file', 'new', '2020-01-05 03:18:35'),
(320, 8, 12, 25, 'Diode, inverted, pointer', 'new', '2020-01-05 03:18:35'),
(321, 9, 24, 31, '2', 'new', '2020-01-12 04:47:37'),
(322, 9, 24, 35, '8', 'new', '2020-01-12 04:47:37'),
(323, 9, 24, 33, '9', 'new', '2020-01-12 04:47:37'),
(324, 9, 24, 34, '8', 'new', '2020-01-12 04:47:37'),
(325, 9, 24, 32, '1', 'new', '2020-01-12 04:47:37'),
(326, 9, 25, 36, '4', 'new', '2020-01-12 05:10:11'),
(327, 9, 26, 37, '4', 'new', '2020-01-12 05:13:34'),
(328, 12, 1, 11, 'Interanet', 'old', '2021-03-11 09:00:40'),
(329, 12, 1, 22, '6', 'old', '2021-03-11 09:00:40'),
(330, 12, 1, 5, 'Driver Boot', 'old', '2021-03-11 09:00:40'),
(331, 12, 1, 12, '1980', 'old', '2021-03-11 09:00:40'),
(332, 12, 1, 9, 'Stimulated emission', 'new', '2021-03-11 09:00:40'),
(333, 12, 1, 7, 'Piezo Lamp Connector', 'new', '2021-03-11 09:00:40'),
(334, 12, 1, 14, 'sd', 'new', '2021-03-11 09:00:40'),
(335, 12, 1, 2, 'Record', 'new', '2021-03-11 09:00:40');

-- --------------------------------------------------------

--
-- Table structure for table `exam_attempt`
--

CREATE TABLE `exam_attempt` (
  `examat_id` int(11) NOT NULL,
  `exmne_id` int(11) NOT NULL,
  `exam_id` int(11) NOT NULL,
  `examat_status` varchar(1000) NOT NULL DEFAULT 'used'
) ENGINE=InnoDB DEFAULT CHARSET=latin1;

--
-- Dumping data for table `exam_attempt`
--

INSERT INTO `exam_attempt` (`examat_id`, `exmne_id`, `exam_id`, `examat_status`) VALUES
(51, 6, 12, 'used'),
(52, 4, 11, 'used'),
(53, 4, 12, 'used'),
(54, 8, 12, 'used'),
(55, 9, 24, 'used'),
(56, 9, 25, 'used');

-- --------------------------------------------------------

--
-- Table structure for table `exam_question_tbl`
--

CREATE TABLE `exam_question_tbl` (
  `eqt_id` int(11) NOT NULL,
  `exam_id` int(11) NOT NULL,
  `exam_question` varchar(1000) NOT NULL,
  `exam_ch1` varchar(1000) NOT NULL,
  `exam_ch2` varchar(1000) NOT NULL,
  `exam_ch3` varchar(1000) NOT NULL,
  `exam_ch4` varchar(1000) NOT NULL,
  `exam_answer` varchar(1000) NOT NULL,
  `exam_status` varchar(1000) NOT NULL DEFAULT 'active'
) ENGINE=InnoDB DEFAULT CHARSET=latin1;

--
-- Dumping data for table `exam_question_tbl`
--

INSERT INTO `exam_question_tbl` (`eqt_id`, `exam_id`, `exam_question`, `exam_ch1`, `exam_ch2`, `exam_ch3`, `exam_ch4`, `exam_answer`, `exam_status`) VALUES
(1, 1, 'In which decade was the American Institute of Electrical Engineers (AIEE) founded?', '1850s', '1880s', '1930s', '1950s', '1880s', 'active'),
(2, 1, 'What is part of a database that holds only one type of information?', 'Report', 'Field', 'Record', 'File', 'Field', 'active'),
(3, 1, 'OS computer abbreviation usually means ?', 'Order of Significance', 'Open Software', 'Operating System', 'Optical Sensor', 'Operating System', 'active'),
(4, 1, 'Who developed Yahoo?', 'Dennis Ritchie & Ken Thompson', 'David Filo & Jerry Yang', 'Vint Cerf & Robert Kahn', 'Steve Case & Jeff Bezos', 'David Filo & Jerry Yang', 'active'),
(5, 1, 'DB computer abbreviation usually means ?', 'Database', 'Double Byte', 'Data Block', 'Driver Boot', 'Database', 'active'),
(6, 1, '.INI extension refers usually to what kind of file?', 'Image file', 'System file', 'Hypertext related file', 'Image Color Matching Profile file', 'System file', 'active'),
(7, 1, 'What does the term PLC stand for?', 'Programmable Lift Computer', 'Program List Control', 'Programmable Logic Controller', 'Piezo Lamp Connector', 'Programmable Logic Controller', 'active'),
(8, 1, 'What do we call a network whose elements may be separated by some distance? It usually involves two or more small networks and dedicated high-speed telephone lines.', 'URL (Universal Resource Locator)', 'LAN (Local Area Network)', 'WAN (Wide Area Network)', 'World Wide Web', 'WAN (Wide Area Network)', 'active'),
(9, 1, 'After the first photons of light are produced, which process is responsible for amplification of the light?', 'Blackbody radiation', 'Stimulated emission', 'Plancks radiation', 'Einstein oscillation', 'Stimulated emission', 'active'),
(10, 1, '.TMP extension refers usually to what kind of file?', 'Compressed Archive file', 'Image file', 'Temporary file', 'Audio file', 'Temporary file', 'active'),
(11, 1, 'What do we call a collection of two or more computers that are located within a limited distance of each other and that are connected to each other directly or indirectly?', 'Inernet', 'Interanet', 'Local Area Network', 'Wide Area Network', 'Local Area Network', 'active'),
(12, 1, '	 In what year was the \"@\" chosen for its use in e-mail addresses?', '1976', '1972', '1980', '1984', '1972', 'active'),
(13, 1, 'What are three types of lasers?', 'Gas, metal vapor, rock', 'Pointer, diode, CD', 'Diode, inverted, pointer', 'Gas, solid state, diode', 'Gas, solid state, diode', 'active'),
(14, 1, 'asdasd', 'dsf', 'sd', 'yui', 'sdf', 'yui', 'active'),
(15, 1, 'Question 1', 'q1', 'asd', 'fds', 'ytu', 'q1', 'active'),
(16, 1, 'Question 3', 'sd', 'q3', 'asd', 'fgh', 'q3', 'active'),
(17, 1, '1+1', '3', '8', '9', '2', 'd', 'active'),
(18, 1, '2+2=?', '1', '2', '3', '4', 'd', 'active'),
(19, 1, '1+2=?', '7', '8', '3', '9', 'c', 'active'),
(20, 1, '4+4=?', '8', '9', '7', '6', 'a', 'active'),
(21, 1, '9+9=?', '7', '9', '18', '8', 'c', 'active'),
(22, 1, '4+2=?', '6', '67', '8', '8', 'a', 'active'),
(23, 1, '2+2=?', '3', '6', '7', '4', 'D', 'active');

-- --------------------------------------------------------

--
-- Table structure for table `exam_tbl`
--

CREATE TABLE `exam_tbl` (
  `ex_id` int(11) NOT NULL,
  `department_id` int(11) NOT NULL,
  `ex_title` varchar(1000) NOT NULL,
  `ex_time_limit` varchar(1000) NOT NULL,
  `ex_questlimit_display` int(11) NOT NULL,
  `ex_description` varchar(1000) NOT NULL,
  `ex_created` timestamp NOT NULL DEFAULT CURRENT_TIMESTAMP ON UPDATE CURRENT_TIMESTAMP,
  `ex_time` varchar(50) NOT NULL,
  `ex_date` varchar(255) NOT NULL
) ENGINE=InnoDB DEFAULT CHARSET=latin1;

--
-- Dumping data for table `exam_tbl`
--

INSERT INTO `exam_tbl` (`ex_id`, `department_id`, `ex_title`, `ex_time_limit`, `ex_questlimit_display`, `ex_description`, `ex_created`, `ex_time`, `ex_date`) VALUES
(1, 2, 'rdbms', '10', 4, 'fghfhgh', '2021-03-10 13:06:01', '', ''),
(4, 1, 'Compresser', '20', 20, 'This is mechanical exam and you should have to try it otherwise you dont pass', '2021-03-11 06:31:21', '09:09', '1999-09-09'),
(5, 2, 'Magento', '10', 10, 'PLease fill', '2021-03-11 09:39:33', '04:00', '2021-03-11'),
(6, 3, 'Sw Development', '20', 20, 'Good ', '2021-03-11 09:52:50', '09:09', '2021-03-11'),
(7, 2, 'SQL', '20', 20, 'good to go', '2021-03-11 09:57:21', '10:00', '2021-03-11'),
(8, 2, 'Java', '10', 20, 'Good to know', '2021-03-11 09:58:18', '11:00', '2021-03-11'),
(9, 2, 'TOC', '20', 20, 'Good', '2021-03-11 11:07:28', '09:09', '2021-03-11');

-- --------------------------------------------------------

--
-- Table structure for table `feedbacks_tbl`
--

CREATE TABLE `feedbacks_tbl` (
  `fb_id` int(11) NOT NULL,
  `exmne_id` int(11) NOT NULL,
  `fb_exmne_as` varchar(1000) NOT NULL,
  `fb_feedbacks` varchar(1000) NOT NULL,
  `fb_date` varchar(1000) NOT NULL
) ENGINE=InnoDB DEFAULT CHARSET=latin1;

--
-- Dumping data for table `feedbacks_tbl`
--

INSERT INTO `feedbacks_tbl` (`fb_id`, `exmne_id`, `fb_exmne_as`, `fb_feedbacks`, `fb_date`) VALUES
(4, 6, 'Glenn Duerme', 'Gwapa kay Miss Pam', 'December 05, 2019'),
(5, 6, 'Anonymous', 'Lageh, idol na nako!', 'December 05, 2019'),
(6, 4, 'Rogz Nunezsss', 'Yes', 'December 08, 2019'),
(7, 4, '', '', 'December 08, 2019'),
(8, 4, '', '', 'December 08, 2019'),
(9, 8, 'Anonymous', 'dfsdf', 'January 05, 2020'),
(10, 9, 'warren dalaoyan', 'haah', 'January 12, 2020');

--
-- Indexes for dumped tables
--

--
-- Indexes for table `admin_acc`
--
ALTER TABLE `admin_acc`
  ADD PRIMARY KEY (`admin_id`);

--
-- Indexes for table `department`
--
ALTER TABLE `department`
  ADD PRIMARY KEY (`department_id`);

--
-- Indexes for table `examinee_tbl`
--
ALTER TABLE `examinee_tbl`
  ADD PRIMARY KEY (`exmne_id`);

--
-- Indexes for table `exam_answers`
--
ALTER TABLE `exam_answers`
  ADD PRIMARY KEY (`exans_id`);

--
-- Indexes for table `exam_attempt`
--
ALTER TABLE `exam_attempt`
  ADD PRIMARY KEY (`examat_id`);

--
-- Indexes for table `exam_question_tbl`
--
ALTER TABLE `exam_question_tbl`
  ADD PRIMARY KEY (`eqt_id`);

--
-- Indexes for table `exam_tbl`
--
ALTER TABLE `exam_tbl`
  ADD PRIMARY KEY (`ex_id`);

--
-- Indexes for table `feedbacks_tbl`
--
ALTER TABLE `feedbacks_tbl`
  ADD PRIMARY KEY (`fb_id`);

--
-- AUTO_INCREMENT for dumped tables
--

--
-- AUTO_INCREMENT for table `admin_acc`
--
ALTER TABLE `admin_acc`
  MODIFY `admin_id` int(11) NOT NULL AUTO_INCREMENT, AUTO_INCREMENT=2;

--
-- AUTO_INCREMENT for table `department`
--
ALTER TABLE `department`
  MODIFY `department_id` int(50) NOT NULL AUTO_INCREMENT, AUTO_INCREMENT=4;

--
-- AUTO_INCREMENT for table `examinee_tbl`
--
ALTER TABLE `examinee_tbl`
  MODIFY `exmne_id` int(11) NOT NULL AUTO_INCREMENT, AUTO_INCREMENT=13;

--
-- AUTO_INCREMENT for table `exam_answers`
--
ALTER TABLE `exam_answers`
  MODIFY `exans_id` int(11) NOT NULL AUTO_INCREMENT, AUTO_INCREMENT=336;

--
-- AUTO_INCREMENT for table `exam_attempt`
--
ALTER TABLE `exam_attempt`
  MODIFY `examat_id` int(11) NOT NULL AUTO_INCREMENT, AUTO_INCREMENT=60;

--
-- AUTO_INCREMENT for table `exam_question_tbl`
--
ALTER TABLE `exam_question_tbl`
  MODIFY `eqt_id` int(11) NOT NULL AUTO_INCREMENT, AUTO_INCREMENT=24;

--
-- AUTO_INCREMENT for table `exam_tbl`
--
ALTER TABLE `exam_tbl`
  MODIFY `ex_id` int(11) NOT NULL AUTO_INCREMENT, AUTO_INCREMENT=10;

--
-- AUTO_INCREMENT for table `feedbacks_tbl`
--
ALTER TABLE `feedbacks_tbl`
  MODIFY `fb_id` int(11) NOT NULL AUTO_INCREMENT, AUTO_INCREMENT=11;
COMMIT;

/*!40101 SET CHARACTER_SET_CLIENT=@OLD_CHARACTER_SET_CLIENT */;
/*!40101 SET CHARACTER_SET_RESULTS=@OLD_CHARACTER_SET_RESULTS */;
/*!40101 SET COLLATION_CONNECTION=@OLD_COLLATION_CONNECTION */;
